{"data":{"0":"raw","1":"reprojected","2":"reprojected_non_zero","3":"Transformed"},"min":{"0":0.0,"1":0.0,"2":0.0,"3":0.0},"max":{"0":6222153.0,"1":6222153.0,"2":6222153.0,"3":6222153.5},"mean":{"0":19.2182331085,"1":19.1889705658,"2":81.4993591309,"3":81.4993667603},"std":{"0":3572.6171875,"1":3555.7956542969,"2":7327.5859375,"3":7327.5864257812}}