{
    "Stats for raw netCDF files.": {
        "odiac2023_1km_excl_intl_October": {
            "min_value": 0.0,
            "max_value": 1363615.125,
            "mean_value": 0.8189588189125061,
            "std_value": 238.89199829101562
        },
        "odiac2023_1km_excl_intl_April": {
            "min_value": 0.0,
            "max_value": 1458391.75,
            "mean_value": 0.8052180409431458,
            "std_value": 247.40255737304688
        },
        "odiac2023_1km_excl_intl_May": {
            "min_value": 0.0,
            "max_value": 1593550.0,
            "mean_value": 0.8371274471282959,
            "std_value": 255.3824920654297
        },
        "odiac2023_1km_excl_intl_November": {
            "min_value": 0.0,
            "max_value": 1267992.625,
            "mean_value": 0.8437191843986511,
            "std_value": 248.99559020996094
        },
        "odiac2023_1km_excl_intl_July": {
            "min_value": 0.0,
            "max_value": 1635993.875,
            "mean_value": 1.0020512342453003,
            "std_value": 297.40301513671875
        },
        "odiac2023_1km_excl_intl_December": {
            "min_value": 0.0,
            "max_value": 1255216.25,
            "mean_value": 0.9463121891021729,
            "std_value": 282.385498046875
        },
        "odiac2023_1km_excl_intl_June": {
            "min_value": 0.0,
            "max_value": 1579907.25,
            "mean_value": 0.8915582299232483,
            "std_value": 269.399169921875
        },
        "odiac2023_1km_excl_intl_February": {
            "min_value": 0.0,
            "max_value": 1362598.875,
            "mean_value": 0.8115818500518799,
            "std_value": 238.26904296875
        },
        "odiac2023_1km_excl_intl_March": {
            "min_value": 0.0,
            "max_value": 1514586.625,
            "mean_value": 0.8938924670219421,
            "std_value": 266.46759033203125
        },
        "odiac2023_1km_excl_intl_January": {
            "min_value": 0.0,
            "max_value": 1457840.125,
            "mean_value": 1.0058799982070923,
            "std_value": 292.2497863769531
        },
        "odiac2023_1km_excl_intl_August": {
            "min_value": 0.0,
            "max_value": 1550229.75,
            "mean_value": 1.0131711959838867,
            "std_value": 300.95196533203125
        },
        "odiac2023_1km_excl_intl_September": {
            "min_value": 0.0,
            "max_value": 1374612.625,
            "mean_value": 0.8796889781951904,
            "std_value": 260.27105712890625
        }
    },
    "Stats for transformed COG files.": {
        "cogs/odiac-ffco2-monthgrid-v2022/odiac2023_1km_excl_intl_2022_January": {
            "min_value": 0.0,
            "max_value": 1457840.125,
            "mean_value": 1.0058799982070923,
            "std_value": 292.2497863769531
        },
        "cogs/odiac-ffco2-monthgrid-v2022/odiac2023_1km_excl_intl_2022_February": {
            "min_value": 0.0,
            "max_value": 1362598.875,
            "mean_value": 0.8115818500518799,
            "std_value": 238.26904296875
        },
        "cogs/odiac-ffco2-monthgrid-v2022/odiac2023_1km_excl_intl_2022_March": {
            "min_value": 0.0,
            "max_value": 1514586.625,
            "mean_value": 0.8938924670219421,
            "std_value": 266.46759033203125
        },
        "cogs/odiac-ffco2-monthgrid-v2022/odiac2023_1km_excl_intl_2022_April": {
            "min_value": 0.0,
            "max_value": 1458391.75,
            "mean_value": 0.8052180409431458,
            "std_value": 247.40255737304688
        },
        "cogs/odiac-ffco2-monthgrid-v2022/odiac2023_1km_excl_intl_2022_May": {
            "min_value": 0.0,
            "max_value": 1593550.0,
            "mean_value": 0.8371274471282959,
            "std_value": 255.3824920654297
        },
        "cogs/odiac-ffco2-monthgrid-v2022/odiac2023_1km_excl_intl_2022_June": {
            "min_value": 0.0,
            "max_value": 1579907.25,
            "mean_value": 0.8915582299232483,
            "std_value": 269.399169921875
        },
        "cogs/odiac-ffco2-monthgrid-v2022/odiac2023_1km_excl_intl_2022_July": {
            "min_value": 0.0,
            "max_value": 1635993.875,
            "mean_value": 1.0020512342453003,
            "std_value": 297.40301513671875
        },
        "cogs/odiac-ffco2-monthgrid-v2022/odiac2023_1km_excl_intl_2022_August": {
            "min_value": 0.0,
            "max_value": 1550229.75,
            "mean_value": 1.0131711959838867,
            "std_value": 300.95196533203125
        },
        "cogs/odiac-ffco2-monthgrid-v2022/odiac2023_1km_excl_intl_2022_September": {
            "min_value": 0.0,
            "max_value": 1374612.625,
            "mean_value": 0.8796889781951904,
            "std_value": 260.27105712890625
        },
        "cogs/odiac-ffco2-monthgrid-v2022/odiac2023_1km_excl_intl_2022_October": {
            "min_value": 0.0,
            "max_value": 1363615.125,
            "mean_value": 0.8189588189125061,
            "std_value": 238.89199829101562
        },
        "cogs/odiac-ffco2-monthgrid-v2022/odiac2023_1km_excl_intl_2022_November": {
            "min_value": 0.0,
            "max_value": 1267992.625,
            "mean_value": 0.8437191843986511,
            "std_value": 248.99559020996094
        },
        "cogs/odiac-ffco2-monthgrid-v2022/odiac2023_1km_excl_intl_2022_December": {
            "min_value": 0.0,
            "max_value": 1255216.25,
            "mean_value": 0.9463121891021729,
            "std_value": 282.385498046875
        }
    }
}