{
    "Stats for raw netCDF files.": {
        "min_value": 0.0,
        "max_value": 1635993.875,
        "mean_value": 0.8951544761657715,
        "std_value": 267.3012390136719
    },
    "Stats for transformed COG files.": {
        "min_value": 0.0,
        "max_value": 1635993.875,
        "mean_value": 0.8951399922370911,
        "std_value": 267.3003845214844
    }
}