{
    "overall_raw": "overall_cog",
    "nan_min": 0.0,
    "nan_max": 110011.766,
    "nan_mean": 5.1753297,
    "nan_std": 172.27177
}